,SK_ID_CURR,TARGET,PREDICT
205098,337757,0.0,0.138811056266665
263697,405321,0.0,0.0733406698259959
36463,142234,0.0,0.160237035860331
296300,443286,0.0,0.0420423333606301
169139,296051,0.0,0.1245651329784434
43827,150751,0.0,0.2566331932825608
206214,339029,1.0,0.581350550254233
272828,416270,0.0,0.585822591739872
211184,344730,0.0,0.1119850264457623
112650,230681,0.0,0.4499130323526538
29765,134562,0.0,0.5495033422875658
17967,120954,0.0,0.5267255797301948
72989,184634,0.0,0.4744914684857503
206286,339110,0.0,0.0424442877062136
251858,391424,0.0,0.3544246202470938
159792,285237,0.0,0.3698495871339762
208483,341654,0.0,0.3625580988286577
16847,119649,0.0,0.3498796206812466
50334,158280,0.0,0.0787240135851981
291405,437600,0.0,0.1619980420973518
137810,259827,0.0,0.13630436864435
166081,292548,0.0,0.0337570467991582
217968,352543,0.0,0.1399570318685933
12209,114238,0.0,0.404100826939219
295543,442415,0.0,0.4324426636304855
209289,342576,0.0,0.1728520923487977
113751,231926,0.0,0.3011838096053912
279705,424066,0.0,0.1146425299155876
9929,111556,0.0,0.4682437368836913
179213,307672,0.0,0.1014841060597363
17719,120658,1.0,0.551288825183485
82603,195800,0.0,0.2330388011749601
228250,364386,0.0,0.331269598027555
194234,325228,0.0,0.4061267792308805
243453,381855,0.0,0.1331071728823695
51722,159899,0.0,0.1435105351503248
240481,378516,0.0,0.4915645954322063
262661,404113,0.0,0.3406115236328593
268450,411101,0.0,0.0831606001680364
289544,435450,0.0,0.2894723973097657
47289,154764,0.0,0.2003579912363384
19940,123259,0.0,0.225957663569661
128712,249296,0.0,0.600381955539195
29620,134392,0.0,0.1098680125849546
162800,288736,0.0,0.4749914670176465
83577,196940,0.0,0.0972467731835041
83208,196515,0.0,0.1257133123309474
121707,241105,0.0,0.0482077741329202
33248,138524,0.0,0.1206295020845637
97721,213469,0.0,0.1624037392625023
249101,388205,0.0,0.532801466824233
98688,214597,0.0,0.3457303553168528
248051,387023,0.0,0.2705580278489308
144330,267358,0.0,0.0520640718286491
139406,261640,0.0,0.5338745082242671
205576,338299,1.0,0.6304342734245595
194964,326081,1.0,0.5368163271291415
25298,129427,0.0,0.0779075951911647
189253,319423,0.0,0.1557548897767907
302172,450086,0.0,0.2419750818034814
270483,413506,0.0,0.0902922978895671
33141,138401,0.0,0.2264880743697827
166837,293416,0.0,0.2330544466999755
12581,114666,0.0,0.0831691909278577
21005,124478,0.0,0.8083445712314363
171322,298555,0.0,0.2112804093321621
142200,264885,0.0,0.4738124717411071
35065,140624,0.0,0.3427407810825256
37390,143313,0.0,0.2665318557154039
74149,185992,0.0,0.5435809498663701
260823,401846,0.0,0.2319757470204975
10481,112205,0.0,0.269485564982534
115083,233458,0.0,0.1360659196092043
76988,189278,0.0,0.0504294808101464
97350,213029,1.0,0.4084080890706412
228491,364658,0.0,0.0544940446474298
47163,154622,0.0,0.1514590228864916
158441,283681,1.0,0.4669044637349901
285598,430775,0.0,0.124227040358553
72835,184462,0.0,0.4458103107379268
11022,112836,0.0,0.1639828957141013
285599,430776,0.0,0.3156294049251406
233544,370515,0.0,0.1309023103823129
242857,381117,1.0,0.6319258574862002
123283,242969,0.0,0.1621759707496756
22113,125753,0.0,0.4840926053964437
182782,311860,0.0,0.0970888401609417
77100,189406,0.0,0.1380331501593858
1831,102143,0.0,0.2581389942910035
118313,237202,0.0,0.1890124096776467
33529,138840,0.0,0.0713937651115331
97525,213241,0.0,0.1128689694801955
95851,211279,0.0,0.4274114606262485
34175,139606,0.0,0.1874360044776128
253472,393311,0.0,0.2738317664538441
8935,110397,0.0,0.0728818415696242
255768,395965,0.0,0.4057679206877281
19396,122625,0.0,0.178269528548227
271131,414321,0.0,0.0662890195031703
48597,156282,0.0,0.0899080761628052
207523,340543,0.0,0.0317368229726447
179743,308302,0.0,0.3213958528030366
62282,172234,0.0,0.168614945213384
300640,448307,0.0,0.1047238110243324
113383,231499,0.0,0.0792782784214896
35020,140579,0.0,0.7563173039655912
44692,151773,0.0,0.4346755692354374
237874,375517,1.0,0.8302344967431995
86240,200091,0.0,0.2921966275470651
1309,101538,1.0,0.2647314382576439
98335,214171,0.0,0.3748808175779445
97022,212623,1.0,0.6857930169026681
155019,279688,0.0,0.1463781395106382
217782,352332,0.0,0.118652752755653
93625,208726,0.0,0.5285663795917749
101525,217879,1.0,0.2821314085567085
252636,392332,0.0,0.3977959146746636
46288,153626,1.0,0.1140372262587407
299760,447279,0.0,0.1793842383359249
122455,241980,0.0,0.6289217264113526
20302,123691,0.0,0.0926957032288137
22212,125863,0.0,0.2005483978746293
100195,216319,0.0,0.1499128243272195
150515,274492,1.0,0.2657950012944937
276181,420045,0.0,0.1476778841900846
233616,370604,0.0,0.2396354902927931
131553,252584,0.0,0.6883416583795116
105912,222893,0.0,0.2498719635297646
73411,185123,0.0,0.2649894674983307
50355,158305,0.0,0.687786614811355
1249,101475,0.0,0.064910197722656
126353,246536,0.0,0.0899697684875235
109141,226589,0.0,0.0210671452110296
138882,261043,0.0,0.108198783520934
207468,340476,0.0,0.0670034901533584
176658,304716,0.0,0.0931159042114128
119861,238994,0.0,0.33507784337314
35144,140714,0.0,0.1904136449519141
188804,318895,0.0,0.0992235907139933
41563,148126,0.0,0.321416100963467
213432,347328,0.0,0.2305697084748856
35197,140774,0.0,0.3632498742154361
174538,302270,0.0,0.7629417286674017
111695,229583,1.0,0.3580418834247137
279448,423770,0.0,0.6484216175493771
181120,309907,0.0,0.148825516723935
64966,175338,0.0,0.2380805089652854
303760,451947,0.0,0.3536140229422635
179430,307927,0.0,0.2147444153370351
139019,261202,0.0,0.722541637928565
134871,256443,0.0,0.4742531547211738
208874,342087,0.0,0.1452676633161216
145127,268288,0.0,0.0726502778524661
21445,124986,0.0,0.2082012343240096
262409,403782,0.0,0.0943273872827947
242736,380992,0.0,0.0419257542421784
187099,316900,0.0,0.2989120657844287
221826,356974,0.0,0.372598976212168
82318,195471,0.0,0.3827298726186779
199140,330875,0.0,0.1867643004044294
279055,423296,1.0,0.2713848517092613
230138,366567,0.0,0.1055700198105708
83389,196720,0.0,0.2354505499120238
234609,371774,0.0,0.0319576524460113
85297,198969,1.0,0.3742503844597705
193983,324942,0.0,0.2354921054571295
91440,206192,0.0,0.1529620504507932
236789,374272,0.0,0.1462404970367038
284319,429273,0.0,0.4050024286229968
155730,280523,0.0,0.1095939185157999
278614,422795,0.0,0.0655573063162482
17641,120569,0.0,0.3662643796462259
294146,440779,0.0,0.1602382900907216
32308,137461,0.0,0.1585649236156687
194587,325636,0.0,0.342422109954868
35106,140668,0.0,0.0415929578555376
114825,233153,0.0,0.0574679062198569
99792,215851,0.0,0.0612440795732691
26253,130537,0.0,0.268838127558676
206077,338876,0.0,0.4247852016536896
78194,190658,0.0,0.1077172463317257
79049,191633,0.0,0.2336102804514668
149290,273091,0.0,0.0962748498320212
151457,275567,0.0,0.1461666229611352
141100,263601,0.0,0.0448866750357224
184032,313309,1.0,0.3847376562803999
225411,361095,0.0,0.1395779639776841
185522,315066,0.0,0.1825875771593223
244551,383054,0.0,0.1399140740169541
287392,432902,0.0,0.0807627780355223
100074,216181,0.0,0.2004234422748635
241202,379294,0.0,0.1897999798378865
41062,147556,0.0,0.2670443047059754
243811,382252,1.0,0.5169483088598394
132980,254236,0.0,0.277128503975228
233268,370194,0.0,0.1711768461676016
239633,377499,0.0,0.2710081251481565
299153,446571,0.0,0.5179300633737183
184982,314436,0.0,0.3550295230685594
169864,296875,0.0,0.3259615331319851
40381,146781,0.0,0.269056487289273
183570,312774,0.0,0.4263941907467244
100287,216426,0.0,0.2550184893287703
238509,376222,0.0,0.1526320374570844
28513,133142,1.0,0.3050757371788808
75438,187492,0.0,0.106830195740458
259587,400417,0.0,0.2671908626508771
167650,294350,0.0,0.1252865174600873
113507,231644,0.0,0.4590127148987092
261023,402106,0.0,0.0547908391693851
174665,302417,0.0,0.0920762515188513
123688,243451,0.0,0.2681161259808962
126555,246777,0.0,0.2390286174817049
288557,434299,0.0,0.3284914971314185
103003,219566,0.0,0.6571569516848087
81273,194238,0.0,0.0793835664941694
66137,176707,0.0,0.3264245741512889
182845,311927,0.0,0.0699280508304412
18291,121339,0.0,0.2250505664846284
42712,149451,0.0,0.0529120471718812
183412,312593,0.0,0.2011902316075286
134552,256070,0.0,0.2257969940265024
163775,289858,0.0,0.0324925738744481
163641,289699,0.0,0.3525920980229697
270749,413864,1.0,0.2333933182660605
279177,423421,0.0,0.5952332462880721
55397,164193,0.0,0.1308273046188901
224003,359454,0.0,0.5090262304112997
72918,184558,0.0,0.3800557368691029
127081,247383,0.0,0.0738803979432819
125321,245338,0.0,0.1009023245612696
68409,179351,0.0,0.0344769691180301
223189,358519,0.0,0.3677385523126296
64823,175174,0.0,0.047123740092605
282732,427475,0.0,0.2709930309735952
251128,390586,0.0,0.1383904822425339
278923,423162,0.0,0.1868421629403148
91135,205841,0.0,0.0302875467480403
262924,404455,0.0,0.0814252766481113
304676,452997,0.0,0.1038226290912599
70133,181362,0.0,0.1398632313152217
273560,417087,0.0,0.1009856887128347
304667,452986,0.0,0.4287850848248315
107987,225280,0.0,0.2647886127103422
53763,162285,0.0,0.0508678721337529
295318,442146,0.0,0.1869133356776803
29675,134453,0.0,0.0947217698455907
302145,450054,0.0,0.710627390955128
232776,369611,1.0,0.4338463797068864
243320,381681,0.0,0.2591079228997346
162724,288650,0.0,0.1408564036952727
286,100329,0.0,0.406523324303079
261098,402186,0.0,0.0895299217721454
219235,353974,0.0,0.2418213872747252
270313,413291,0.0,0.103079114128483
169186,296105,0.0,0.4213961435887549
58922,168301,0.0,0.5970570524141258
58459,167767,0.0,0.1369215554768137
259376,400181,0.0,0.5071543295176563
197107,328538,0.0,0.1165295700124196
272310,415706,0.0,0.6760339264426043
85595,199333,0.0,0.1699489888558826
55392,164187,0.0,0.0981346696069289
171285,298514,0.0,0.3955762459564042
164865,291122,0.0,0.3716334064487435
115947,234465,0.0,0.1551679212406065
211620,345240,0.0,0.215088782949303
134357,255842,0.0,0.1165209967919208
64245,174500,0.0,0.2768701838664131
185621,315184,0.0,0.2670564060746204
139465,261709,0.0,0.316291522749408
66661,177304,0.0,0.0601591105997526
272050,415390,0.0,0.4763686272302713
32998,138244,1.0,0.3479058149400938
212132,345829,0.0,0.079843779120765
125381,245405,0.0,0.4146933312755525
54995,163723,0.0,0.3099653959254096
220168,355061,0.0,0.0976754098324801
238106,375760,0.0,0.1903618198023436
76020,188163,0.0,0.0564867176899055
243187,381544,0.0,0.193164119021447
62400,172361,0.0,0.1229927584659376
212962,346787,0.0,0.2401016760023367
49022,156770,0.0,0.0764964594904806
297560,444734,0.0,0.0745573963518095
86508,200400,0.0,0.3617030125330278
147195,270669,0.0,0.1210589825160691
2563,102992,0.0,0.1145330079246948
120774,240031,0.0,0.0812824864820226
295551,442423,0.0,0.1665893913065284
271456,414704,0.0,0.0919254944979993
70177,181415,0.0,0.1397361722633725
281548,426175,0.0,0.3439435166981687
192818,323611,0.0,0.2397814468251838
275981,419814,0.0,0.1623813873872507
98771,214692,1.0,0.89399338608915
175421,303280,0.0,0.0525488689345068
243692,382102,0.0,0.6984360719536078
32706,137906,0.0,0.3985095197945628
293250,439740,0.0,0.2225133654955586
42731,149472,0.0,0.7223859730447809
24799,128840,0.0,0.3021038076891632
120057,239228,0.0,0.0726735819694708
77810,190214,0.0,0.5614259612623111
114284,232538,1.0,0.1873468569748806
228405,364569,0.0,0.251511622070886
80509,193335,0.0,0.2193597566776763
164959,291230,0.0,0.0935586524219938
46456,153815,0.0,0.3539591965326968
152329,276565,0.0,0.2406181770351434
24149,128087,0.0,0.0577927638540034
18054,121057,0.0,0.2228042775496462
147465,270990,1.0,0.3705419062335153
90122,204633,0.0,0.4695171949332843
877,101007,0.0,0.6661787338362384
288073,433724,0.0,0.0399170059434708
84851,198450,0.0,0.3539556162803434
262050,403335,0.0,0.1065349951239664
304244,452502,0.0,0.0491908574678684
22821,126559,0.0,0.2481069070652425
155158,279863,0.0,0.4193865457678756
41832,148438,0.0,0.3184986008825435
186299,315977,0.0,0.1889597526895012
261382,402545,0.0,0.1309675116697703
260000,400884,0.0,0.7289685744562643
35789,141454,0.0,0.0386371113387669
14176,116529,0.0,0.1919463607469627
254974,395040,1.0,0.3957779858683901
211944,345616,0.0,0.3257873292717228
275081,418819,0.0,0.4922699539516099
140762,263217,0.0,0.278663430250411
66154,176728,0.0,0.4132971170737759
40631,147058,0.0,0.6187051130977113
227633,363677,0.0,0.0369445332445973
291080,437207,0.0,0.7679725598121275
151937,276116,0.0,0.4251182564034841
152435,276684,0.0,0.1588792517397942
64878,175236,0.0,0.0998331877781852
48766,156477,0.0,0.1422752845559788
16649,119422,0.0,0.5319057639796528
62215,172159,0.0,0.3597393783915561
162611,288514,0.0,0.3016537027446681
81659,194700,0.0,0.5455630914498026
70366,181628,0.0,0.0580051810640228
297119,444232,0.0,0.0925760246023183
27306,131735,0.0,0.3374694665545968
115690,234164,1.0,0.5211736321981818
72155,183682,0.0,0.3966282534167326
71425,182833,0.0,0.5174859133460947
87173,201178,0.0,0.361361637894356
64054,174279,0.0,0.2836169221888907
114841,233169,0.0,0.4540112073730535
257516,398006,0.0,0.3333342478612481
119702,238811,0.0,0.6547333670445861
175997,303946,0.0,0.1748443337681376
173267,300793,0.0,0.3730041451772233
299922,447461,0.0,0.2666751327881431
53877,162430,0.0,0.0852435751646392
13207,115391,0.0,0.3565569612811491
11066,112892,1.0,0.6061036295616554
73204,184882,0.0,0.0532436529244708
36649,142452,0.0,0.0936369266635419
305392,453829,0.0,0.1502501787570277
163904,290006,0.0,0.3492142617099433
170281,297357,0.0,0.4706372101435301
91981,206822,0.0,0.6333640579832271
91338,206081,0.0,0.0518738726534035
158673,283956,0.0,0.178979379227673
194631,325684,1.0,0.6409943778317192
253337,393153,0.0,0.2043428683958928
103108,219687,0.0,0.2227349385901012
244833,383374,0.0,0.3880021039550819
135080,256670,0.0,0.0445553000836978
155160,279865,0.0,0.3528042638425229
175661,303563,0.0,0.1714630643462346
5600,106555,0.0,0.2294171985564418
297443,444606,0.0,0.2443804063999175
287737,433307,0.0,0.4136201156661762
189342,319528,0.0,0.2635451077308136
18584,121679,0.0,0.4051654633383872
258714,399403,0.0,0.1200184081248712
139106,261299,1.0,0.7269130694068081
169761,296751,0.0,0.1197840704450099
295849,442770,0.0,0.0528312929498658
36004,141708,0.0,0.4897872423896379
83235,196543,0.0,0.5889806382326909
41569,148133,1.0,0.3716017522038255
17854,120819,1.0,0.3726596988384051
285256,430372,0.0,0.145495536346118
138927,261094,0.0,0.3394358756207396
87735,201847,0.0,0.4061249536177802
207215,340184,0.0,0.1948249744126629
190965,321432,0.0,0.3791654325654608
77404,189749,0.0,0.0878010731104571
166426,292947,0.0,0.0746519915718684
110686,228407,0.0,0.4122939212267586
182576,311614,0.0,0.2000013634737138
33862,139239,0.0,0.3058381661026764
147787,271358,0.0,0.2689792785223157
208066,341164,0.0,0.0752240425437508
240576,378612,0.0,0.0592339340729725
126397,246590,0.0,0.3683241816802322
211286,344850,0.0,0.030438697565926
196613,327979,0.0,0.244625064504296
14830,117312,0.0,0.1431395481617995
195803,327049,1.0,0.2733432269958498
67570,178363,0.0,0.6843354802638011
141827,264450,0.0,0.3984645940324613
290096,436086,0.0,0.3493990639667646
122277,241775,0.0,0.0494023149581034
175582,303466,0.0,0.1384158949843501
304059,452290,0.0,0.2551401611388539
253441,393280,0.0,0.1661511823662628
39822,146125,0.0,0.4861257002243747
122622,242168,0.0,0.1346131771195496
217572,352104,0.0,0.0442508318748532
156357,281248,0.0,0.0964296169585107
286227,431504,0.0,0.3890544642418517
11047,112869,0.0,0.165621010509441
112344,230323,0.0,0.4558446440617762
268640,411325,0.0,0.1111242746840015
203606,336053,0.0,0.056335743364746
30629,135551,0.0,0.2718300853618578
209706,343041,0.0,0.4849902636089485
261217,402344,0.0,0.3343399461940028
281545,426172,0.0,0.390335742578931
44244,151253,0.0,0.1313625859912886
11360,113230,0.0,0.2048487272831964
48589,156273,0.0,0.033824698113474
8606,110021,0.0,0.0573331468531105
113946,232158,1.0,0.7312919625107203
110761,228497,0.0,0.0721685755454528
126959,247237,0.0,0.1013839209223513
40892,147358,0.0,0.3270224066803996
133988,255401,0.0,0.0425301239025857
109925,227492,1.0,0.3247451663532267
180677,309392,0.0,0.8055718660580652
53734,162251,0.0,0.3614379862863857
195226,326380,0.0,0.1426115885843977
238600,376369,0.0,0.0834481436223585
5046,105898,0.0,0.2304953464997839
61944,171847,0.0,0.4716632320586993
286488,431814,1.0,0.3524955912792327
271099,414289,0.0,0.3642178459402965
176903,305003,1.0,0.2616284834904495
12743,114855,0.0,0.1588008559907244
125372,245396,0.0,0.2003086047597916
169997,297031,0.0,0.3046997632771311
226225,362030,0.0,0.1502707589285497
243003,381304,0.0,0.5734701132825677
96442,211963,0.0,0.5657144942046524
147119,270583,0.0,0.2814723542907589
15212,117764,0.0,0.0868279848978212
96963,212561,0.0,0.1087574833184299
114648,232951,0.0,0.2322095186745722
39129,145318,1.0,0.5092244603898008
178051,306338,0.0,0.1210264684333353
27388,131833,0.0,0.1808320825262518
170535,297649,0.0,0.271666919047304
24907,128968,0.0,0.1098291929505062
202644,334918,0.0,0.1231138256838209
142744,265520,0.0,0.0702423227553482
284711,429741,0.0,0.0538137312196232
179953,308545,0.0,0.0566369430695727
177932,306208,0.0,0.1740762687050542
119131,238141,0.0,0.1598656215348922
39355,145579,0.0,0.3353901653595689
47710,155263,0.0,0.5177740167316001
85935,199721,0.0,0.2110227325071641
40427,146836,0.0,0.1982098874319736
182658,311713,0.0,0.1159408953654269
150698,274695,0.0,0.1184554689371755
38204,144244,0.0,0.0854165581912282
112423,230419,0.0,0.0798373705366977
94532,209774,0.0,0.1144699833055596
48681,156379,0.0,0.2902576877999383
10780,112550,0.0,0.1555110963274031
1096,101275,0.0,0.4578920898120436
166027,292484,0.0,0.3973353402932342
171045,298237,0.0,0.7517573531222951
207883,340957,0.0,0.1393965854334736
278598,422779,0.0,0.4970363849198125
188035,317985,0.0,0.0732835163285563
60658,170347,0.0,0.5722237678183714
102482,218974,0.0,0.184803502690892
206918,339838,0.0,0.4954658920520012
110185,227805,0.0,0.727249055943504
40366,146766,1.0,0.8021003866343143
229338,365635,0.0,0.1387016802663377
270927,414082,0.0,0.64409168487188
19007,122171,0.0,0.1371921713910289
21915,125533,0.0,0.1345465356427774
136491,258320,0.0,0.1851644008164743
243915,382358,0.0,0.4008752617152001
239457,377310,0.0,0.2035361233845675
135875,257606,0.0,0.4272786633333763
705,100814,0.0,0.083091196795419
106264,223294,0.0,0.1886659845191997
47375,154867,1.0,0.0856886890753379
60274,169890,0.0,0.6453213267382275
38683,144808,1.0,0.6686026596734433
34953,140501,0.0,0.4570305185362709
64011,174228,0.0,0.1221565836596032
186990,316778,0.0,0.1814332611823306
281540,426167,1.0,0.6851590397293202
41779,148376,0.0,0.2515484577179992
291085,437213,1.0,0.3499852096330446
65103,175504,0.0,0.0823304569020919
25121,129220,0.0,0.2170382140269833
20017,123351,0.0,0.4594013331749235
85759,199516,0.0,0.3426596806432898
148080,271704,0.0,0.4546789447988043
150570,274555,0.0,0.4294934772685546
215288,349469,0.0,0.6114500229246729
119579,238672,0.0,0.1933752051681378
107905,225191,0.0,0.0873521928346583
288483,434213,0.0,0.2479844992093393
33523,138834,0.0,0.7723589412782276
122092,241559,0.0,0.423276746294671
297896,445129,0.0,0.4112785685972978
256258,396537,0.0,0.121641072579569
80918,193824,0.0,0.7310849766471808
293804,440393,1.0,0.6963625931269941
99267,215255,0.0,0.1375953215232207
137409,259371,0.0,0.088584338322986
146350,269692,0.0,0.0616654996514924
18912,122054,0.0,0.3356907108768253
210614,344073,0.0,0.1260643745267145
212910,346731,0.0,0.3224679985775474
245959,384644,1.0,0.2563907099597946
169485,296440,0.0,0.4650865410841127
169968,296996,0.0,0.1136593718115787
201563,333657,0.0,0.3257301991233871
65256,175689,0.0,0.521345055666304
288269,433953,0.0,0.085439839850945
281689,426319,1.0,0.3833026582364406
217539,352063,0.0,0.4988919296885125
306408,455008,0.0,0.1430632167694438
291453,437657,0.0,0.0867250961550988
252242,391869,0.0,0.0356072183087072
204350,336911,0.0,0.2323166281923868
219950,354813,0.0,0.0705689484401414
129882,250652,0.0,0.1107248484802609
196450,327788,0.0,0.0744800234714237
33766,139121,0.0,0.1141717095013278
54248,162852,0.0,0.136980217097602
155150,279850,0.0,0.1554447207043777
145772,269025,0.0,0.0827907969399995
98628,214524,0.0,0.2704869304904564
25327,129459,0.0,0.4116101141630215
87882,202022,0.0,0.1152880409398757
164947,291217,0.0,0.0897462496530205
289924,435886,0.0,0.2913093504985306
288033,433682,0.0,0.2351713428413905
28114,132680,0.0,0.2609066944147696
112872,230925,0.0,0.3541665576401815
220718,355695,0.0,0.4648500876110652
84547,198089,0.0,0.3611225377317997
242597,380848,0.0,0.5064782374960796
250432,389775,0.0,0.3397957075237752
215121,349273,0.0,0.0626197376757519
162342,288209,0.0,0.1888487812401534
8871,110314,0.0,0.4228009260144548
20880,124333,0.0,0.2893982893571449
119383,238440,0.0,0.0911808990401088
98337,214173,0.0,0.65171372250965
188956,319070,0.0,0.1176711268615095
17207,120071,0.0,0.1838994253652732
66700,177349,0.0,0.0563471985534356
248364,387354,0.0,0.0341599461801538
238129,375783,0.0,0.1465741869959966
119760,238881,0.0,0.13824127883189
265202,407141,0.0,0.0563075015402188
125922,246026,0.0,0.0636358864905924
174486,302209,0.0,0.3393207272334942
95770,211184,0.0,0.468912815959891
130824,251742,1.0,0.2566289397016417
243855,382298,0.0,0.1326895586050362
73826,185617,0.0,0.2958256085443385
238806,376624,0.0,0.5286521803649337
212762,346565,0.0,0.1836885986737347
142994,265801,0.0,0.5122900949923256
39696,145964,0.0,0.2129084634638177
90666,205279,0.0,0.5100292478606419
11858,113818,0.0,0.5691141263987121
130217,251040,0.0,0.2919039410497586
16992,119825,0.0,0.5419820101182868
283979,428881,0.0,0.1889712620085901
275211,418954,0.0,0.107873819494901
266602,408865,0.0,0.3750660059650584
246014,384707,0.0,0.2025309672192044
47727,155284,0.0,0.2739729422679707
145703,268946,0.0,0.0685674033795123
295686,442578,0.0,0.0877228356713379
186749,316504,0.0,0.6428857720092715
89176,203541,0.0,0.0697332183918893
80855,193748,0.0,0.5382661987077689
158190,283394,0.0,0.170194949771447
199158,330897,0.0,0.2192213897141151
73155,184817,0.0,0.0999104159819116
104283,221036,0.0,0.03571917947768
82538,195723,0.0,0.1709852039737601
296874,443953,0.0,0.1318409720492836
236533,373974,0.0,0.3097173941117279
115312,233728,0.0,0.1074719018084543
58908,168287,1.0,0.8303962065560797
76600,188831,0.0,0.025064210420281
82574,195766,0.0,0.3366251331007991
119422,238491,0.0,0.1042284699607618
303371,451492,0.0,0.2466886755879182
27141,131546,0.0,0.1678164931569579
286199,431468,0.0,0.078461600087813
161737,287504,0.0,0.1498106836074644
189817,320091,0.0,0.1818083681142809
105284,222174,0.0,0.0796893741719648
244576,383081,0.0,0.0928214134022068
239091,376936,0.0,0.8556471100963221
256795,397177,0.0,0.1231110559944841
288970,434778,0.0,0.292312520983915
171237,298455,0.0,0.1751307933738112
4068,104759,0.0,0.2985964432528795
129280,249960,0.0,0.5825166014140939
95328,210681,0.0,0.1979486538869137
141349,263889,0.0,0.2784837200076039
151846,276015,0.0,0.4269033392432145
38696,144823,0.0,0.1933103837677775
102631,219142,0.0,0.1282181188200205
152345,276582,0.0,0.5680836840687565
280592,425071,0.0,0.178762929964509
197124,328561,0.0,0.2860272976358696
66103,176666,0.0,0.5663242833953614
511,100588,0.0,0.0915276698758706
116268,234840,0.0,0.1630182108131542
117705,236490,0.0,0.1844524364732567
270094,413028,0.0,0.2565813241542595
212587,346359,0.0,0.4139498180278393
17389,120282,1.0,0.1910286793754747
278397,422573,0.0,0.3118334598296839
65230,175654,0.0,0.1760447380737125
288023,433671,0.0,0.7276607915622612
209573,342901,0.0,0.3871952213110595
301026,448752,0.0,0.3685900895867792
98976,214926,0.0,0.1165416124235223
95903,211344,0.0,0.0805620601249137
167879,294606,0.0,0.081101726438137
120849,240123,0.0,0.1718751244709426
271373,414609,0.0,0.3618756016976698
11201,113053,0.0,0.5902952186054431
250429,389771,0.0,0.1194248983480927
29047,133749,0.0,0.0561523229918094
135585,257265,0.0,0.5971220907926218
110983,228755,0.0,0.1821820925624254
160451,286004,0.0,0.4169133554834122
86772,200717,0.0,0.0497368782207813
168734,295589,0.0,0.1219931007045246
303741,451923,0.0,0.0894966535723851
109112,226555,0.0,0.2657847795777506
52815,161177,0.0,0.2579924449420683
86354,200223,0.0,0.4920746380750267
185661,315236,0.0,0.2228455435138266
11533,113440,0.0,0.6353055840779994
17832,120793,0.0,0.3709850624984019
155737,280533,0.0,0.1993234425936883
265789,407890,0.0,0.4576944050517784
157854,282982,0.0,0.1329204267436316
371,100428,0.0,0.1041697790294968
11098,112929,0.0,0.1290074087926048
135974,257725,0.0,0.0788815942048927
241136,379225,0.0,0.2168944107433422
23526,127374,0.0,0.1441156273586654
30693,135624,0.0,0.1183232479562901
175868,303794,1.0,0.7778295983746594
172003,299343,0.0,0.0885871857003014
37830,143818,0.0,0.6552690707108276
133887,255282,0.0,0.1553681493257889
100602,216800,0.0,0.1598035655285284
120309,239505,0.0,0.3969513971683136
288598,434348,0.0,0.1940446281533125
226862,362782,0.0,0.2421662687838392
173575,301152,0.0,0.4426681001793148
252188,391807,0.0,0.0965892946986692
111244,229071,0.0,0.1194762846997341
218581,353239,0.0,0.6901978649443006
245521,384139,0.0,0.1824727949085628
133163,254449,0.0,0.5548114129320973
289745,435678,0.0,0.0755300270453068
125449,245483,0.0,0.1173746858482397
220754,355738,0.0,0.440549882943394
46345,153687,0.0,0.2299878260093956
295168,441964,0.0,0.1875266474188331
13304,115517,0.0,0.6615252022207442
255234,395339,0.0,0.4536271924333047
143588,266505,0.0,0.2326871433665757
229836,366212,0.0,0.4021495961037312
186602,316338,0.0,0.3997539799083597
199563,331362,0.0,0.3318836874834751
139673,261953,0.0,0.1803157696858979
15024,117546,0.0,0.2042840640340631
16,100020,0.0,0.816582444924828
224258,359755,0.0,0.1546325006510808
190319,320668,0.0,0.1850704472692567
49970,157846,1.0,0.6266406090585279
135822,257537,1.0,0.0684149369649425
178888,307305,0.0,0.5886860406267109
117325,236063,0.0,0.0779954232949726
199736,331558,0.0,0.4893703000078521
206436,339285,0.0,0.210619631146393
249600,388799,0.0,0.7052222254775391
2271,102661,0.0,0.0657506010961681
74475,186369,0.0,0.2273822983587222
84758,198342,0.0,0.4897706260797599
201197,333223,0.0,0.0679420594986034
66946,177630,0.0,0.2163253833871979
46424,153778,0.0,0.4182656990631404
192140,322807,0.0,0.5129751206204985
203451,335873,0.0,0.5169656943042669
96830,212412,0.0,0.2531998613138169
225643,361365,0.0,0.2162040595152313
193466,324358,0.0,0.2516375227444551
56197,165119,0.0,0.0864941390804848
305863,454379,0.0,0.0897013981203742
63740,173914,0.0,0.0547699848622845
54844,163547,0.0,0.5762810945637711
232569,369380,0.0,0.2279636775494048
231247,367853,0.0,0.1070957307453367
79739,192436,0.0,0.3563461070073611
236988,374501,0.0,0.3883125212322985
215237,349410,0.0,0.3268027708436447
166313,292817,0.0,0.4905371689077711
213039,346882,0.0,0.339991251414983
268094,410646,0.0,0.2657760734269587
119328,238381,0.0,0.171867176010668
155029,279703,0.0,0.2221668239271788
302603,450594,0.0,0.4302417205383851
99718,215769,0.0,0.056214035110339
110171,227789,0.0,0.2338630423159866
98932,214877,0.0,0.1090272640084104
120025,239188,0.0,0.0578564433860249
77721,190111,0.0,0.1017176964457862
182073,311040,0.0,0.211804058518155
205876,338640,0.0,0.2985316025047868
302144,450053,0.0,0.2010199839967245
200018,331876,0.0,0.1014256977493341
156170,281040,0.0,0.5361696513201616
209710,343047,0.0,0.3155094632545597
52542,160856,0.0,0.337304298111523
3294,103849,0.0,0.0839592296225444
252567,392251,0.0,0.1480184240788173
270806,413933,0.0,0.126012506149094
251189,390657,0.0,0.0668255161985701
135960,257706,0.0,0.1835304482549502
119488,238568,0.0,0.1970744161683994
262893,404422,0.0,0.1684089404108463
9585,111140,0.0,0.3024501274656633
145189,268362,0.0,0.0577320441738787
236113,373490,0.0,0.092002848155859
307004,455689,0.0,0.1605963499367936
254074,394011,0.0,0.0958841445204004
26936,131309,1.0,0.7617351797229577
279669,424030,0.0,0.183615410026894
215419,349618,0.0,0.0402628545282442
117999,236834,0.0,0.1170864980607873
123730,243495,1.0,0.3299500813115128
205997,338778,1.0,0.7386274508228982
97368,213048,0.0,0.2301213524953924
109324,226798,0.0,0.3151898363219777
3407,103978,0.0,0.1734942012427623
248281,387255,0.0,0.5686949901895357
226615,362500,0.0,0.0806311560039483
166636,293185,1.0,0.4690354435831992
72887,184523,0.0,0.0587641367341247
98617,214511,0.0,0.8196973683502695
245871,384536,0.0,0.1780618121059611
62753,172788,1.0,0.5342588808740484
43249,150061,0.0,0.3102982233830366
243171,381528,1.0,0.7501265809313954
195015,326139,0.0,0.4645422727534367
67199,177935,0.0,0.4574625259424578
32776,137986,1.0,0.4757177111380611
25319,129451,0.0,0.0558834418854432
192096,322756,0.0,0.4594066218372711
203262,335654,0.0,0.2005592474266231
165989,292434,0.0,0.1672086186023549
274550,418225,0.0,0.0689278574832046
256464,396782,0.0,0.2397710480550142
33893,139276,0.0,0.1909913381812614
80602,193447,0.0,0.3200743387545153
120131,239311,0.0,0.2279948073352295
217711,352254,0.0,0.0458019985164762
119572,238664,0.0,0.032214621685728
215815,350074,0.0,0.1007041616394919
248229,387203,0.0,0.3509767275399911
197304,328768,0.0,0.0429991853828631
44943,152065,0.0,0.0872574507754086
264146,405887,0.0,0.3704236217589332
290559,436624,0.0,0.2482225752671518
79412,192065,0.0,0.7404738767996154
163494,289533,0.0,0.0627952376887253
180954,309708,0.0,0.0616267722318009
264331,406120,0.0,0.0493356515657273
97325,212998,0.0,0.1583692143054875
37437,143368,0.0,0.0497076801880601
152747,277039,0.0,0.1022059114408193
18999,122159,0.0,0.0841631365633684
118431,237333,0.0,0.1332285431215131
40944,147420,0.0,0.1343096845163523
167682,294385,0.0,0.144925170417232
859,100981,0.0,0.1752287323442138
242062,380264,0.0,0.5823571984568272
288508,434243,0.0,0.4521070299062236
224122,359593,0.0,0.0724782727805581
217028,351473,0.0,0.2826948285054455
99652,215697,0.0,0.2618269926467519
240619,378655,0.0,0.1120568994926782
72373,183932,0.0,0.0990785924331326
164961,291234,0.0,0.4760633744170445
299808,447333,0.0,0.1456396112791151
213843,347800,1.0,0.5971703473446784
147180,270651,0.0,0.6162985370978072
101691,218068,0.0,0.0421143117044734
40228,146605,0.0,0.098632759627944
233704,370706,0.0,0.4206847694402615
154222,278744,0.0,0.0651170836960969
239253,377100,0.0,0.3007074050717642
185391,314910,0.0,0.2112159369839324
236718,374193,0.0,0.0934337952166548
211692,345322,0.0,0.2139228575800883
139682,261969,0.0,0.1378526224633713
49844,157702,0.0,0.237355279436275
82747,195976,0.0,0.0716110560794077
136867,258749,0.0,0.4196221674929316
91823,206630,0.0,0.3241303176170996
17795,120750,0.0,0.1139361676842375
242403,380615,0.0,0.1040318688087397
177931,306207,0.0,0.2318038014541908
42110,148756,0.0,0.1389021444214271
46928,154360,0.0,0.2455696663914278
195417,326600,0.0,0.6833672300330933
59679,169180,0.0,0.3874015869781886
279852,424228,0.0,0.2555237656110989
126782,247040,0.0,0.2462516586669524
180205,308841,0.0,0.4463699918619096
196456,327796,0.0,0.20242491313469
120256,239446,0.0,0.6808378920761374
116631,235261,0.0,0.7378135993495231
252479,392145,0.0,0.7850900591207575
292232,438543,0.0,0.1437587962583036
208050,341147,0.0,0.1128089451703773
225865,361620,0.0,0.0524976836607818
258678,399362,0.0,0.2785867463697798
293706,440278,0.0,0.0841708956394437
160265,285789,0.0,0.2075852177933553
101534,217891,0.0,0.1967065103244312
298665,446013,0.0,0.0762405473873902
12415,114470,0.0,0.4900558505183616
144530,267593,0.0,0.138109946978559
173609,301192,0.0,0.1144577854172021
113422,231547,0.0,0.0646720180809813
105095,221956,0.0,0.1064721410474872
235690,373005,1.0,0.5669980242569744
87585,201662,0.0,0.0884887416936782
268369,410989,0.0,0.2587103344800994
289790,435734,0.0,0.1427798552924281
86822,200775,0.0,0.404479544252189
146671,270063,0.0,0.0551819114847072
278903,423111,0.0,0.5185404371978325
208790,341998,1.0,0.6748062251187741
76512,188731,0.0,0.391626926302068
180617,309325,0.0,0.2663071762046277
300818,448511,0.0,0.1058905802188724
150463,274432,0.0,0.1601655069259878
293183,439663,0.0,0.1532671430734263
147009,270451,0.0,0.108567502041638
49560,157377,0.0,0.4327906299861462
247210,386061,0.0,0.0822033101400771
46505,153874,0.0,0.1692162331808344
90732,205351,0.0,0.2504372996599759
46856,154279,0.0,0.3182812011465329
274923,418659,1.0,0.6660398633249768
151579,275704,0.0,0.2355791524306471
206018,338802,0.0,0.1431019726936805
80138,192908,0.0,0.3548150368316316
292392,438733,0.0,0.4805712342123175
301701,449529,0.0,0.2084112598242166
106007,222999,0.0,0.2512294298134426
149855,273733,1.0,0.4837612469175715
193280,324140,0.0,0.1159660380690266
194189,325173,0.0,0.0639496945774062
183944,313207,0.0,0.1191019517857473
221626,356735,0.0,0.388925731189625
100938,217203,0.0,0.2139631356224185
182633,311682,0.0,0.5768784617958794
38261,144308,0.0,0.1325622182536025
139634,261909,0.0,0.3305082724138253
190943,321406,0.0,0.0719177268947557
294805,441541,0.0,0.1443564518145972
8259,109627,0.0,0.3791766985468166
97339,213015,0.0,0.1046478463564503
80798,193681,0.0,0.4591634259164552
9539,111089,0.0,0.1380851574195176
120455,239670,0.0,0.501789633382946
248891,387943,0.0,0.4572347138111168
119535,238619,0.0,0.1896597894818808
77880,190292,0.0,0.2740409033649157
39965,146297,0.0,0.4260588463606266
254681,394711,1.0,0.4220854341391681
138773,260919,0.0,0.1651500334773761
78069,190508,0.0,0.0854947316820748
56323,165268,0.0,0.1198899523464863
267054,409410,1.0,0.7066359406425892
146164,269474,0.0,0.3705748111522582
18713,121819,0.0,0.5106328367556484
194284,325287,0.0,0.2799614101471973
111979,229915,0.0,0.1172254852366243
96306,211813,0.0,0.0272803336157108
279022,423263,0.0,0.1649365938484187
136503,258332,0.0,0.1009471983605609
284363,429326,0.0,0.1907490102978841
99552,215585,0.0,0.173101242232312
141121,263624,0.0,0.0657046632206868
13372,115594,0.0,0.1835827869133155
97499,213211,0.0,0.0698646597147517
203721,336185,0.0,0.3183270556507466
226956,362896,0.0,0.4198580996980124
152655,276933,0.0,0.5094002501181868
202438,334682,0.0,0.2476824563269204
262430,403809,0.0,0.2272190462837769
23365,127187,0.0,0.2145524173453774
7123,108293,0.0,0.1835759160209484
39441,145675,0.0,0.335673310966132
72734,184349,0.0,0.2106391464044962
205650,338384,0.0,0.1677873483411172
58716,168068,0.0,0.052430956154912
6080,107110,1.0,0.1843018119263319
125284,245294,0.0,0.1601791621294048
176400,304408,0.0,0.3183898703175039
279839,424206,0.0,0.5416398260807843
87577,201653,0.0,0.224450090957475
201055,333062,0.0,0.3776529758909636
63504,173646,0.0,0.0510878125428065
179879,308456,0.0,0.0995820486103118
158878,284191,0.0,0.1303479992618516
59524,169002,0.0,0.5147825853082039
181787,310712,0.0,0.1181083923928173
212402,346148,0.0,0.7131954583541558
12384,114436,0.0,0.5257741929032977
215955,350232,0.0,0.1306709641533821
129919,250696,0.0,0.149750788353604
185825,315422,0.0,0.1875401366268645
95385,210753,0.0,0.2199748803223377
23073,126852,0.0,0.1066274403277408
208251,341386,0.0,0.1388823377236634
277462,421506,0.0,0.1717394862604423
239376,377229,0.0,0.3240168375202529
185516,315058,0.0,0.2547300654094707
166757,293322,0.0,0.2061611930436018
214149,348156,0.0,0.4907068466208298
267804,410290,1.0,0.5081420078543152
96972,212570,0.0,0.6076550676505001
5506,106448,0.0,0.1294930970685852
236633,374092,0.0,0.2774023520850942
253499,393340,0.0,0.5682283341789055
214276,348308,0.0,0.3500667366277314
76540,188763,0.0,0.2769977822040209
260677,401679,0.0,0.3632133066936087
93675,208782,0.0,0.478440811746554
71631,183071,0.0,0.3135648089571389
1253,101480,0.0,0.2318732841408492
91985,206826,0.0,0.1396927427303571
7321,108531,0.0,0.1102862455011877
276283,420147,0.0,0.157407063417838
86008,199805,0.0,0.4119535503892162
193917,324871,0.0,0.4612545667526426
240669,378707,0.0,0.1298025733916918
52443,160736,0.0,0.242790836429964
109978,227557,0.0,0.2779023005651735
181064,309841,0.0,0.3631953708690205
203874,336365,0.0,0.0526560914029168
76397,188595,0.0,0.2756990027584763
123443,243160,0.0,0.5649990790989823
260055,400945,1.0,0.3753849239089706
301249,449008,0.0,0.1789618644338821
296199,443167,0.0,0.1173469984413059
101504,217854,0.0,0.0316894942051177
38258,144305,0.0,0.1022156374363642
140535,262961,0.0,0.145633303418823
50476,158448,0.0,0.3414486697914169
15884,118535,0.0,0.0748396263081609
280311,424739,0.0,0.3233086839477433
303987,452208,1.0,0.6818669333109337
226568,362446,0.0,0.071961480180658
303528,451673,0.0,0.2996324420506139
253863,393756,1.0,0.754298413704629
274626,418303,0.0,0.1370577222445119
12547,114623,0.0,0.7586770145136369
161975,287779,0.0,0.6121355803986555
277783,421838,0.0,0.7832478783665706
193462,324353,0.0,0.4765418236939001
186092,315742,0.0,0.2490634151328288
104674,221468,0.0,0.1730563410873539
